{
  "ndcg_at_10": 0.7314617966566185,
  "mrr": 0.6601851851851851,
  "map": 0.8691050703395908,
  "recall_at_20": 1.5333333333333337,
  "precision_at_10": 0.29333333333333333,
  "num_queries": 30
}