{
  "ndcg_at_10": 0.7342979827489388,
  "mrr": 0.6859259259259259,
  "map": 0.8519161264336702,
  "recall_at_20": 1.4444444444444442,
  "precision_at_10": 0.29000000000000004,
  "num_queries": 30
}